,client_id,num_examples
0,f0460_02,345
1,f0935_28,309
2,f1674_35,106
3,f2439_77,129
4,f3140_49,157
5,f3803_39,142
6,f3872_39,165
7,f4033_05,152
8,f1669_41,150
9,f1689_07,156
10,f2049_38,132
11,f2215_69,126
12,f2443_80,107
13,f0422_45,263
14,f1423_05,213
15,f1872_07,105
16,f2424_90,154
17,f1403_42,241
18,f1879_44,132
19,f2097_31,82
20,f2239_84,150
21,f4094_49,129
22,f0492_08,341
23,f1888_11,123
24,f2161_58,151
25,f0384_36,345
26,f0947_41,295
27,f2051_15,153
28,f3264_06,160
29,f0978_05,309
30,f1078_11,276
31,f1810_02,150
32,f2266_81,140
33,f3952_40,154
34,f0064_04,320
35,f0550_24,332
36,f3177_03,162
37,f1788_32,99
38,f1911_44,111
39,f3403_48,154
40,f3969_02,159
41,f1906_16,155
42,f0535_19,297
43,f1806_29,159
44,f2472_83,139
45,f3247_40,161
46,f3644_26,154
47,f3942_06,164
48,f0781_31,270
49,f1195_27,222
50,f2185_57,162
51,f3736_09,161
52,f3737_46,151
53,f0536_45,293
54,f1209_31,71
55,f1749_23,78
56,f2197_62,127
57,f3588_33,162
58,f0412_26,284
59,f1387_23,236
60,f3245_09,132
61,f3564_08,158
62,f0698_45,374
63,f3871_42,159
64,f4022_12,121
65,f0201_34,308
66,f3169_14,163
67,f3645_14,138
68,f3935_48,155
69,f0041_30,322
70,f2448_94,159
71,f2563_91,145
72,f3268_37,157
73,f1031_37,328
74,f1647_28,159
75,f0567_25,288
76,f1213_10,247
77,f1441_43,244
78,f1778_11,138
79,f2082_26,151
80,f3972_19,152
81,f0661_44,316
82,f1333_48,248
83,f2095_37,95
84,f3589_24,163
85,f3725_39,153
86,f0213_49,160
87,f0692_03,219
88,f1197_00,232
89,f2021_30,148
90,f2033_24,154
91,f0831_15,345
92,f1261_39,118
93,f1713_02,127
94,f2568_54,158
95,f3732_30,160
96,f1316_31,168
97,f1926_49,138
98,f2109_65,150
99,f3433_10,155
100,f3846_02,147
101,f3859_23,156
102,f1113_16,302
103,f1144_47,226
104,f1521_17,132
105,f1723_34,46
106,f1962_12,148
107,f1971_12,144
108,f2136_68,125
109,f3786_04,153
110,f0553_03,259
111,f1222_04,266
112,f1968_09,155
113,f2282_53,139
114,f3211_20,155
115,f3419_33,164
116,f0275_17,328
117,f0649_22,268
118,f0580_29,297
119,f0760_23,198
120,f0906_29,240
121,f1326_12,285
122,f1932_09,132
123,f0648_23,339
124,f3772_10,164
125,f3981_38,157
126,f0358_32,321
127,f0937_01,140
128,f1137_07,292
129,f1814_24,125
130,f1835_27,109
131,f2029_03,130
132,f4062_17,160
133,f0269_21,313
134,f2438_76,147
135,f3514_20,159
136,f4048_24,137
137,f0230_04,312
138,f0489_49,339
139,f1187_49,266
140,f1525_00,150
141,f1701_10,141
142,f2047_48,96
143,f2446_88,161
144,f3750_00,159
145,f1913_37,129
146,f2023_12,123
147,f2067_38,65
148,f2569_58,159
149,f3545_06,142
150,f4075_12,164
151,f0260_38,343
152,f0613_28,375
153,f2180_96,158
154,f0467_18,272
155,f1149_46,218
156,f3106_05,159
157,f3722_39,161
158,f0542_10,222
159,f0641_22,357
160,f1014_23,329
161,f1520_07,158
162,f2535_60,155
163,f3422_32,152
164,f1661_05,144
165,f3184_11,159
166,f3520_45,164
167,f3891_31,160
168,f3971_41,156
169,f4037_48,156
170,f1359_45,243
171,f3216_33,153
172,f3665_22,152
173,f0948_01,271
174,f2044_20,37
175,f2085_02,158
176,f2099_21,101
177,f2371_68,153
178,f2505_79,142
179,f2509_53,157
180,f1037_16,143
181,f2151_92,138
182,f3532_39,162
183,f1060_13,287
184,f1167_31,266
185,f1563_24,131
186,f3136_07,160
187,f3235_00,152
188,f3336_15,152
189,f1185_47,191
190,f3992_46,122
191,f0130_28,339
192,f0967_29,348
193,f1685_23,134
194,f1798_42,132
195,f3171_30,159
196,f3768_02,159
197,f2219_62,140
198,f0603_11,293
199,f1625_05,140
200,f1949_20,130
201,f2363_77,156
202,f0565_03,303
203,f1797_27,131
204,f1841_05,157
205,f1869_07,122
206,f2218_51,132
207,f3157_23,150
208,f0999_29,316
209,f1252_21,185
210,f3323_10,159
211,f2417_81,155
212,f3741_12,142
213,f3771_15,164
214,f3880_29,143
215,f0530_15,367
216,f0834_03,357
217,f1071_37,295
218,f1989_45,138
219,f3297_22,157
220,f3363_42,122
221,f3743_12,154
222,f0809_16,304
223,f1855_37,159
224,f1162_15,204
225,f2179_58,159
226,f2278_93,125
227,f3277_09,159
228,f3573_02,136
229,f3785_26,140
230,f4046_46,144
231,f0769_14,312
232,f3999_42,137
233,f1096_05,285
234,f0032_27,250
235,f0250_37,224
236,f2422_85,120
237,f0209_30,191
238,f0248_43,265
239,f1032_06,270
240,f1044_04,310
241,f2581_72,159
242,f3955_03,159
243,f0226_08,323
244,f0666_20,318
245,f0697_31,334
246,f1422_18,301
247,f2214_70,162
248,f3438_08,160
249,f0681_47,324
250,f0942_17,203
251,f1603_40,128
252,f1379_47,210
253,f1974_21,44
254,f2120_61,133
255,f3257_17,141
256,f3330_43,158
257,f3453_15,161
258,f3519_18,129
259,f2286_50,143
260,f2325_86,152
261,f1604_07,150
262,f2004_29,139
263,f2462_98,157
264,f3929_28,122
265,f0712_09,317
266,f1145_39,222
267,f1781_48,139
268,f1912_13,151
269,f2063_00,110
270,f3610_45,159
271,f3776_05,150
272,f3649_28,164
273,f3795_00,149
274,f0031_02,366
275,f1468_04,187
276,f3335_15,154
277,f3670_40,151
278,f1491_42,273
279,f2499_74,143
280,f0165_04,328
281,f0470_37,316
282,f0921_40,294
283,f2585_74,152
284,f3434_00,162
285,f3637_45,155
286,f1488_27,195
287,f2083_33,142
288,f2389_86,153
289,f3873_37,165
290,f0733_34,325
291,f0738_13,291
292,f2186_55,154
293,f3424_24,146
294,f3994_27,152
295,f0256_08,380
296,f0544_05,333
297,f3429_41,162
298,f3797_07,93
299,f0696_13,302
300,f1029_30,282
301,f1389_01,133
302,f2592_71,133
303,f0794_31,188
304,f3344_26,150
305,f0770_45,330
306,f4086_36,127
307,f1126_06,273
308,f1219_26,276
309,f0572_15,330
310,f2223_83,159
311,f2548_84,156
312,f3813_08,134
313,f3920_08,119
314,f0720_38,259
315,f0759_41,293
316,f0895_48,244
317,f1779_01,147
318,f3770_21,150
319,f0573_31,319
320,f1005_12,103
321,f1985_18,144
322,f2160_96,158
323,f1435_38,317
324,f1598_49,83
325,f2048_19,94
326,f2052_11,161
327,f3248_19,163
328,f0164_32,387
329,f0534_00,372
330,f1106_01,171
331,f1155_22,309
332,f1509_45,110
333,f0844_42,267
334,f0881_03,165
335,f1115_26,267
336,f1139_48,218
337,f2013_19,141
338,f1006_19,78
339,f1729_47,152
340,f2078_03,140
341,f2296_73,153
342,f3853_22,155
343,f4004_35,161
344,f0704_31,308
345,f1668_08,129
346,f2380_76,152
347,f2542_55,150
348,f2595_89,155
349,f3133_33,163
350,f1917_19,157
351,f2524_58,127
352,f2018_05,143
353,f3215_34,159
354,f1312_23,301
355,f1431_47,255
356,f2557_98,156
357,f0055_09,336
358,f0842_22,320
359,f1459_30,199
360,f1662_01,159
361,f2170_68,132
362,f2482_62,153
363,f3226_21,143
364,f3409_20,130
365,f3416_28,161
366,f3563_46,161
367,f0848_42,134
368,f3309_37,155
369,f0758_07,248
370,f1293_37,249
371,f1992_08,42
372,f2020_16,133
373,f4053_14,135
374,f0065_00,341
375,f0896_44,362
376,f1993_19,152
377,f2062_39,123
378,f2235_81,151
379,f2541_99,156
380,f0642_27,326
381,f1328_01,240
382,f1639_38,98
383,f3600_46,159
384,f0005_26,316
385,f0763_30,329
386,f1254_34,283
387,f1339_22,252
388,f1377_09,151
389,f2409_51,159
390,f3451_01,138
391,f3465_24,148
392,f3817_22,150
393,f0085_01,332
394,f1246_39,286
395,f1295_00,230
396,f1478_41,273
397,f1578_22,108
398,f1690_24,152
399,f2274_95,148
400,f0591_27,294
401,f0628_05,319
402,f1573_06,114
403,f1846_45,140
404,f2345_87,159
405,f1352_27,260
406,f1786_08,113
407,f2432_94,161
408,f0527_23,286
409,f2321_84,147
410,f3313_11,155
411,f0985_44,249
412,f0986_02,304
413,f1097_20,267
414,f1138_27,209
415,f1206_36,278
416,f1808_13,116
417,f2419_83,159
418,f2561_89,162
419,f0391_32,254
420,f0647_19,252
421,f1692_18,146
422,f2458_53,159
423,f2489_89,127
424,f3269_06,132
425,f3436_22,150
426,f3251_33,153
427,f0518_02,363
428,f0708_14,343
429,f0979_22,214
430,f1231_36,300
431,f1606_19,136
432,f3304_23,165
433,f0083_09,288
434,f0183_22,349
435,f2211_73,147
436,f1158_21,208
437,f1660_07,139
438,f3139_09,157
439,f3572_03,136
440,f0110_48,384
441,f0188_36,361
442,f1169_08,312
443,f1564_43,140
444,f2510_55,158
445,f0852_40,319
446,f0981_17,304
447,f1453_47,276
448,f4066_22,159
449,f0243_29,362
450,f0525_15,335
451,f0672_28,320
452,f0688_09,232
453,f0790_06,104
454,f1034_02,269
455,f0182_29,217
456,f0303_00,355
457,f0817_40,198
458,f1665_00,107
459,f2396_91,153
460,f3364_36,159
461,f3483_16,159
462,f1314_29,271
463,f1384_42,117
464,f2236_83,138
465,f3131_11,155
466,f0455_26,209
467,f0689_06,242
468,f0710_08,301
469,f1715_20,154
470,f1842_34,151
471,f2030_28,142
472,f2285_54,152
473,f2377_66,155
474,f1064_32,249
475,f1346_08,152
476,f1812_15,156
477,f2086_25,151
478,f2577_65,159
479,f3249_21,166
480,f3913_01,150
481,f0541_47,323
482,f0592_11,212
483,f1584_28,151
484,f2154_77,143
485,f3299_12,162
486,f4077_42,150
487,f0821_44,287
488,f1124_24,339
489,f0488_39,347
490,f0557_33,330
491,f0777_12,337
492,f2385_83,145
493,f1721_26,158
494,f3187_33,160
495,f0640_19,286
496,f1329_29,317
497,f1739_23,160
498,f2022_38,160
499,f2441_83,138
500,f0124_11,331
501,f0128_00,299
502,f0272_13,276
503,f0423_04,248
504,f1266_29,302
505,f1579_11,155
506,f2224_82,162
507,f2378_69,155
508,f2586_75,158
509,f3507_42,155
510,f1276_10,342
511,f1617_41,155
512,f3997_45,151
513,f0582_44,128
514,f1456_41,276
515,f1536_05,160
516,f3227_14,158
517,f3946_04,157
518,f0364_10,293
519,f0562_31,366
520,f0619_33,219
521,f1890_28,146
522,f1921_33,155
523,f3788_14,151
524,f2261_76,155
525,f2382_52,160
526,f2579_76,159
527,f3978_35,150
528,f0514_14,328
529,f0643_23,329
530,f3927_00,157
531,f1717_16,124
532,f1885_29,157
533,f0645_45,265
534,f2056_40,104
535,f3294_06,159
536,f0727_27,300
537,f0994_46,228
538,f1638_14,147
539,f1938_21,130
540,f2475_66,155
541,f2515_57,155
542,f3630_14,150
543,f0627_14,253
544,f1793_33,116
545,f2165_54,133
546,f3550_07,143
547,f3898_28,160
548,f1120_05,360
549,f3410_19,159
550,f0082_40,276
551,f2334_99,148
552,f3194_31,165
553,f3290_01,163
554,f3353_33,144
555,f3399_09,150
556,f3963_34,163
557,f1028_20,282
558,f2187_54,132
559,f0224_06,357
560,f3246_06,151
561,f0983_14,220
562,f1287_40,282
563,f2332_97,150
564,f2564_59,138
565,f3518_46,164
566,f3863_30,147
567,f1125_41,309
568,f1540_20,159
569,f1590_15,149
570,f1623_09,125
571,f2372_55,146
572,f3580_22,160
573,f3895_38,160
574,f0341_00,311
575,f0703_11,271
576,f1175_48,270
577,f1313_04,259
578,f0232_28,258
579,f0319_32,288
580,f1061_01,204
581,f2460_52,150
582,f3681_31,138
583,f3706_37,164
584,f3787_15,154
585,f0125_02,279
586,f0447_21,210
587,f1442_28,327
588,f1583_41,162
589,f1873_22,134
590,f3470_24,158
591,f3648_17,155
592,f3704_45,83
593,f3875_35,155
594,f0875_02,222
595,f1373_33,223
596,f2366_64,139
597,f2387_81,153
598,f3421_31,166
599,f0416_07,86
600,f0652_30,303
601,f0974_14,261
602,f3838_46,164
603,f1833_03,160
604,f2347_58,143
605,f2578_68,159
606,f3230_21,164
607,f1156_23,246
608,f1398_48,187
609,f1589_38,149
610,f1697_45,140
611,f1934_10,125
612,f3951_47,117
613,f1128_24,160
614,f1140_23,123
615,f1752_29,155
616,f2098_02,147
617,f2359_72,150
618,f2399_85,153
619,f2423_88,155
620,f3701_44,157
621,f3943_12,161
622,f1421_27,172
623,f1482_39,326
624,f3296_35,101
625,f0611_34,290
626,f1518_07,130
627,f1560_15,153
628,f2183_59,156
629,f2405_90,152
630,f0239_15,321
631,f0795_37,356
632,f1455_14,299
633,f2293_68,150
634,f2508_71,152
635,f0290_29,319
636,f3332_19,158
637,f3868_35,155
638,f0729_08,195
639,f1395_14,286
640,f1401_36,217
641,f1774_40,157
642,f2364_65,140
643,f3426_23,138
644,f2269_89,152
645,f3712_14,164
646,f3746_12,159
647,f4050_05,123
648,f1277_02,359
649,f1310_44,243
650,f0001_41,372
651,f0388_26,268
652,f0520_25,294
653,f1334_00,230
654,f1566_38,151
655,f1709_03,152
656,f3239_36,140
657,f4084_14,146
658,f1958_33,118
659,f2593_72,150
660,f0365_07,256
661,f1523_03,96
662,f1822_45,148
663,f3599_19,145
664,f3653_40,143
665,f1862_37,155
666,f0234_16,303
667,f0522_38,327
668,f1103_38,169
669,f2434_59,139
670,f3707_32,158
671,f0097_05,320
672,f0598_49,227
673,f0745_35,360
674,f1741_16,144
675,f3789_16,152
676,f3844_11,155
677,f3987_13,162
678,f4098_19,132
679,f1425_23,334
680,f2046_26,36
681,f2346_88,151
682,f1659_04,139
683,f3104_25,150
684,f3693_03,146
685,f3869_23,159
686,f3944_02,121
687,f3957_18,155
688,f3990_02,159
689,f0409_49,364
690,f1561_30,143
691,f2139_75,127
692,f3498_04,158
693,f3763_41,148
694,f3829_26,150
695,f1052_05,263
696,f1880_06,131
697,f3921_41,156
698,f1526_31,146
699,f1554_25,143
700,f1742_04,158
701,f3328_45,155
702,f3506_22,144
703,f3698_01,149
704,f2096_00,147
705,f3901_45,85
706,f4009_27,145
707,f0884_29,263
708,f1471_42,255
709,f1569_23,143
710,f1612_47,145
711,f2002_29,135
712,f2373_53,133
713,f3485_45,154
714,f3708_28,164
715,f3856_34,141
716,f0799_13,257
717,f1289_06,271
718,f2295_67,131
719,f3923_00,150
720,f0429_13,312
721,f1152_03,214
722,f1935_07,124
723,f3974_03,159
724,f0433_14,199
725,f0669_11,246
726,f1593_46,132
727,f2495_59,158
728,f2503_57,153
729,f3110_25,164
730,f3163_24,161
731,f3502_45,164
732,f3503_07,163
733,f3628_27,154
734,f0928_42,349
735,f1056_11,151
736,f2153_90,113
737,f2488_90,148
738,f2589_78,122
739,f3804_08,156
740,f0376_05,337
741,f1515_36,159
742,f2287_60,156
743,f3150_21,162
744,f3603_14,157
745,f3798_08,150
746,f3892_07,161
747,f0734_39,324
748,f1596_10,133
749,f1901_07,137
750,f3878_43,150
751,f3883_18,160
752,f0081_26,306
753,f0694_49,272
754,f1370_48,223
755,f1747_44,117
756,f3524_43,161
757,f2516_59,155
758,f3627_46,162
759,f0997_34,311
760,f1057_34,263
761,f0624_32,232
762,f1892_07,146
763,f2209_79,149
764,f3224_05,148
765,f3509_42,147
766,f3585_49,163
767,f3947_36,158
768,f0400_25,253
769,f0847_06,216
770,f0867_28,339
771,f3991_38,155
772,f0754_01,257
773,f1218_35,245
774,f1950_08,150
775,f0148_21,167
776,f0174_06,348
777,f1117_18,194
778,f1984_28,44
779,f3340_15,145
780,f1635_40,154
781,f0180_29,336
782,f0194_30,313
783,f0305_08,347
784,f0991_47,357
785,f1309_08,164
786,f1507_20,134
787,f3374_38,159
788,f1738_42,157
789,f2122_65,164
790,f0030_12,256
791,f0771_13,275
792,f1490_31,246
793,f1753_34,153
794,f3352_39,159
795,f0193_48,286
796,f0774_40,337
797,f1164_21,215
798,f1826_01,141
799,f3109_30,159
800,f3210_22,164
801,f3213_04,163
802,f1030_04,270
803,f1680_37,141
804,f2248_68,122
805,f0675_24,292
806,f1632_39,139
807,f0499_10,266
808,f1512_39,125
809,f0281_47,382
810,f0916_49,268
811,f1764_25,130
812,f3392_06,164
813,f3958_42,161
814,f1122_02,240
815,f1649_03,160
816,f2189_50,154
817,f2350_98,150
818,f2478_68,124
819,f3616_07,152
820,f3975_15,159
821,f0090_10,363
822,f0189_49,312
823,f0387_49,283
824,f1898_09,116
825,f3582_25,160
826,f0508_20,325
827,f0861_29,249
828,f3602_12,134
829,f3677_29,154
830,f0677_30,195
831,f1063_36,338
832,f1716_48,106
833,f4028_44,156
834,f0211_26,367
835,f0602_16,316
836,f2054_13,138
837,f3261_00,159
838,f3284_38,146
839,f3361_17,159
840,f0403_29,357
841,f0667_05,295
842,f1127_01,276
843,f1147_19,230
844,f2483_64,152
845,f3193_08,163
846,f3263_08,160
847,f1263_18,280
848,f1582_49,151
849,f0748_15,236
850,f1148_23,222
851,f2190_52,161
852,f3343_18,160
853,f1198_41,292
854,f1646_33,96
855,f2107_53,145
856,f1320_38,191
857,f2100_97,160
858,f2388_79,156
859,f2490_91,153
860,f3111_05,161
861,f3480_48,159
862,f0237_46,281
863,f1041_18,161
864,f1250_24,209
865,f1343_32,212
866,f1496_39,217
867,f2523_65,158
868,f3192_37,160
869,f3546_36,156
870,f0459_12,233
871,f3876_02,162
872,f3964_40,145
873,f0690_26,366
874,f1053_00,264
875,f1074_34,319
876,f2408_73,146
877,f3714_05,151
878,f0390_33,324
879,f1224_16,229
880,f2007_45,112
881,f2138_72,152
882,f3126_20,160
883,f4024_12,156
884,f4063_09,149
885,f0671_18,317
886,f3697_32,161
887,f1236_11,235
888,f2532_93,164
889,f3165_11,165
890,f3331_20,160
891,f0797_22,305
892,f0990_06,296
893,f1054_20,253
894,f1243_07,255
895,f1332_24,240
896,f1979_36,122
897,f0142_39,218
898,f2429_95,160
899,f1322_16,147
900,f1953_17,158
901,f3862_40,161
902,f0267_24,353
903,f2481_58,158
904,f0454_20,349
905,f1392_44,323
906,f1803_09,141
907,f2145_89,116
908,f2344_86,105
909,f3137_47,161
910,f3271_09,159
911,f3275_40,164
912,f3276_49,165
913,f3919_18,160
914,f4007_21,162
915,f1941_44,162
916,f2212_74,145
917,f3125_02,153
918,f3220_48,160
919,f0673_28,359
920,f1223_27,277
921,f3475_09,160
922,f4060_46,152
923,f1264_37,237
924,f1378_08,254
925,f1704_29,158
926,f2297_69,150
927,f3135_37,164
928,f3303_31,160
929,f0679_42,374
930,f1946_25,132
931,f2025_00,149
932,f3525_29,145
933,f3965_14,145
934,f0161_16,374
935,f0394_00,235
936,f1188_01,198
937,f1477_37,252
938,f3721_04,160
939,f4005_01,163
940,f1982_16,113
941,f3454_44,162
942,f3613_20,123
943,f3980_34,144
944,f4074_12,125
945,f0506_18,328
946,f1166_04,286
947,f0957_15,301
948,f1568_21,150
949,f1948_41,138
950,f3242_19,141
951,f3592_19,155
952,f3767_45,153
953,f3821_06,155
954,f2198_58,161
955,f3831_41,155
956,f1720_48,150
957,f2461_99,152
958,f0605_00,345
959,f1026_41,184
960,f1302_15,113
961,f1362_31,258
962,f2375_61,160
963,f3418_34,144
964,f3435_24,150
965,f0236_17,267
966,f0683_02,291
967,f1091_00,370
968,f1758_36,149
969,f2521_66,147
970,f1221_17,123
971,f1527_46,161
972,f3460_47,161
973,f3560_17,160
974,f4059_48,156
975,f1048_31,292
976,f1278_22,282
977,f1654_46,155
978,f2006_31,141
979,f1816_24,105
980,f3468_13,159
981,f4045_31,155
982,f0420_19,318
983,f0609_12,309
984,f3464_12,152
985,f3905_45,150
986,f0383_43,331
987,f0410_43,296
988,f0588_19,340
989,f1765_33,150
990,f1972_15,123
991,f2522_61,157
992,f2105_51,92
993,f3450_19,159
994,f3720_15,113
995,f0360_15,378
996,f1011_35,136
997,f1876_22,114
998,f2012_46,149
999,f2092_41,153
1000,f0631_03,350
1001,f1539_20,158
1002,f2360_75,146
1003,f3766_48,146
1004,f4058_09,140
1005,f1562_13,146
1006,f3258_46,159
1007,f4017_11,141
1008,f0644_19,393
1009,f0845_22,272
1010,f1865_30,134
1011,f1877_30,129
1012,f2333_98,150
1013,f3447_20,161
1014,f3849_21,153
1015,f0075_46,285
1016,f0941_49,176
1017,f1907_22,149
1018,f2315_59,152
1019,f3373_36,159
1020,f3529_11,160
1021,f3757_19,161
1022,f0278_07,357
1023,f0480_41,266
1024,f0595_35,303
1025,f1594_09,123
1026,f1874_36,156
1027,f2191_53,161
1028,f2256_71,145
1029,f3326_06,156
1030,f1058_32,281
1031,f1226_13,298
1032,f1648_00,135
1033,f2265_80,148
1034,f0854_12,337
1035,f3115_25,153
1036,f3726_09,139
1037,f4049_18,164
1038,f1335_30,262
1039,f1772_12,107
1040,f2059_42,153
1041,f2445_82,146
1042,f1093_13,276
1043,f4023_00,150
1044,f0345_23,350
1045,f1079_06,232
1046,f2356_86,150
1047,f1130_48,259
1048,f1644_01,160
1049,f1653_02,132
1050,f2133_68,141
1051,f0094_41,369
1052,f1505_21,135
1053,f2050_45,142
1054,f4019_00,152
1055,f1605_44,150
1056,f2477_69,165
1057,f3608_13,162
1058,f3799_11,158
1059,f1272_09,277
1060,f3347_47,160
1061,f0555_35,222
1062,f1658_04,143
1063,f2447_93,150
1064,f2327_90,142
1065,f2337_71,150
1066,f3593_26,161
1067,f0872_30,295
1068,f0982_06,315
1069,f3522_46,163
1070,f2474_84,161
1071,f4099_10,156
1072,f0023_08,376
1073,f0512_15,307
1074,f0539_34,231
1075,f0863_41,380
1076,f1372_35,309
1077,f1615_41,102
1078,f1933_13,143
1079,f2304_67,136
1080,f3805_07,159
1081,f3818_27,157
1082,f4089_12,151
1083,f0885_39,292
1084,f1171_06,280
1085,f1458_19,298
1086,f2486_95,134
1087,f2559_95,112
1088,f3439_44,163
1089,f3949_09,159
1090,f0660_10,357
1091,f0940_45,315
1092,f2068_36,149
1093,f2306_63,147
1094,f2348_56,152
1095,f3112_45,148
1096,f4067_23,163
1097,f1469_25,239
1098,f2391_85,156
1099,f3259_15,161
1100,f3777_32,158
1101,f0519_46,355
1102,f1734_48,138
1103,f2452_69,143
1104,f3674_32,162
1105,f1694_17,143
1106,f0785_26,95
1107,f1909_43,125
1108,f3142_38,161
1109,f0635_33,356
1110,f1473_30,327
1111,f1513_07,106
1112,f2259_68,154
1113,f3375_30,163
1114,f3651_18,157
1115,f2070_11,108
1116,f2244_94,152
1117,f2292_70,154
1118,f3300_25,161
1119,f0157_12,335
1120,f1675_40,90
1121,f2262_83,150
1122,f0127_07,348
1123,f0843_06,373
1124,f1351_29,246
1125,f2127_59,147
1126,f2230_67,136
1127,f3466_22,162
1128,f0730_41,331
1129,f1637_03,132
1130,f2115_77,148
1131,f1146_05,154
1132,f2574_64,154
1133,f3272_48,146
1134,f3448_15,153
1135,f1179_01,147
1136,f2001_42,148
1137,f2476_67,160
1138,f0240_02,350
1139,f2398_51,151
1140,f1731_34,78
1141,f3924_24,155
1142,f0778_20,323
1143,f0833_32,204
1144,f0922_02,277
1145,f3143_04,163
1146,f3176_15,155
1147,f3250_14,159
1148,f3415_33,161
1149,f0038_42,312
1150,f2159_53,153
1151,f2416_80,151
1152,f2455_72,155
1153,f3654_03,159
1154,f0899_05,285
1155,f3832_04,162
1156,f1916_32,153
1157,f3183_15,161
1158,f0000_14,344
1159,f0905_43,260
1160,f3282_28,153
1161,f3472_19,133
1162,f0197_34,375
1163,f1003_41,195
1164,f1304_45,272
1165,f1374_18,246
1166,f1393_25,339
1167,f1432_44,93
1168,f3657_40,156
1169,f3780_30,160
1170,f3902_40,160
1171,f0357_21,311
1172,f0775_24,333
1173,f0888_25,330
1174,f0903_42,330
1175,f0976_41,224
1176,f1002_33,174
1177,f2232_76,118
1178,f3315_23,149
1179,f3384_26,144
1180,f0507_19,312
1181,f0846_32,276
1182,f1502_33,102
1183,f2026_32,154
1184,f0288_48,276
1185,f3621_14,164
1186,f3626_35,130
1187,f2567_60,150
1188,f1265_03,209
1189,f1356_29,240
1190,f3244_38,147
1191,f3851_19,148
1192,f4061_16,150
1193,f0714_32,231
1194,f0735_17,316
1195,f1357_25,294
1196,f1633_35,155
1197,f3319_48,142
1198,f3452_13,152
1199,f4020_15,162
1200,f0171_26,355
1201,f0870_31,263
1202,f1532_16,148
1203,f2251_74,129
1204,f2290_64,159
1205,f2560_93,152
1206,f0755_46,222
1207,f1099_37,249
1208,f1176_40,293
1209,f2369_56,159
1210,f3820_39,97
1211,f3855_47,144
1212,f3311_03,151
1213,f3527_33,164
1214,f3802_05,143
1215,f2343_83,158
1216,f0825_23,19
1217,f1199_24,251
1218,f1687_40,119
1219,f1800_08,150
1220,f1853_42,150
1221,f1924_29,138
1222,f2275_90,145
1223,f3489_38,143
1224,f0479_35,329
1225,f1679_05,152
1226,f2090_00,124
1227,f4026_43,162
1228,f1094_42,197
1229,f1759_19,115
1230,f2272_85,148
1231,f2506_77,145
1232,f3223_18,126
1233,f0547_28,374
1234,f1081_19,188
1235,f1216_32,286
1236,f2320_75,156
1237,f3149_41,140
1238,f3182_40,143
1239,f3700_25,160
1240,f0175_47,296
1241,f0699_19,361
1242,f0871_23,302
1243,f1415_37,277
1244,f2326_83,160
1245,f3278_33,137
1246,f3349_22,155
1247,f3682_45,156
1248,f0457_13,235
1249,f0510_47,301
1250,f1973_24,132
1251,f2019_34,150
1252,f2074_03,127
1253,f2529_70,150
1254,f3164_09,162
1255,f3444_07,164
1256,f3511_46,158
1257,f3516_45,158
1258,f3751_39,161
1259,f2353_70,153
1260,f3591_14,157
1261,f0891_44,230
1262,f0988_45,311
1263,f1667_29,148
1264,f1705_41,160
1265,f2487_92,120
1266,f3915_05,151
1267,f4000_40,162
1268,f0501_06,339
1269,f1012_30,213
1270,f1832_47,139
1271,f1981_44,126
1272,f2101_62,133
1273,f2263_79,161
1274,f1259_08,249
1275,f1714_49,147
1276,f2040_47,96
1277,f2053_20,147
1278,f1652_11,149
1279,f2433_75,150
1280,f3320_18,153
1281,f3679_06,159
1282,f0481_47,365
1283,f1465_32,241
1284,f2245_95,158
1285,f2289_62,155
1286,f3175_03,132
1287,f3930_25,156
1288,f1666_45,130
1289,f1347_06,158
1290,f2028_18,121
1291,f2077_16,96
1292,f2572_63,153
1293,f0321_36,348
1294,f1257_26,288
1295,f2036_29,160
1296,f2126_57,141
1297,f3329_30,160
1298,f0509_28,222
1299,f1787_36,135
1300,f2485_77,159
1301,f4032_33,153
1302,f0575_25,277
1303,f0865_24,353
1304,f1241_00,348
1305,f1495_32,118
1306,f2352_97,145
1307,f3145_38,161
1308,f3598_35,162
1309,f0043_10,297
1310,f1308_43,168
1311,f1577_15,141
1312,f1857_48,122
1313,f1918_04,103
1314,f3161_02,159
1315,f0185_23,355
1316,f1055_16,249
1317,f1182_38,315
1318,f2010_38,155
1319,f3534_47,151
1320,f3556_19,127
1321,f0115_34,379
1322,f1815_44,152
1323,f1996_12,147
1324,f2280_57,150
1325,f0014_19,340
1326,f1253_43,271
1327,f2374_59,162
1328,f3190_08,155
1329,f3388_36,155
1330,f4088_26,159
1331,f0977_37,333
1332,f1851_06,122
1333,f3574_30,134
1334,f3843_30,161
1335,f0827_09,346
1336,f1754_35,104
1337,f3492_35,161
1338,f1004_07,294
1339,f1645_35,159
1340,f3826_07,137
1341,f2234_78,158
1342,f2339_76,158
1343,f2480_61,135
1344,f0059_21,325
1345,f0116_23,276
1346,f0302_47,359
1347,f0537_35,275
1348,f1159_29,170
1349,f1321_40,224
1350,f2298_74,156
1351,f3897_45,156
1352,f4082_29,149
1353,f1000_45,309
1354,f1856_37,139
1355,f2043_25,120
1356,f3558_12,154
1357,f3597_18,162
1358,f3945_00,162
1359,f0054_14,385
1360,f0740_43,154
1361,f1306_03,192
1362,f1452_02,202
1363,f2103_60,159
1364,f2104_50,162
1365,f2129_55,159
1366,f3162_20,165
1367,f3474_05,157
1368,f3577_03,164
1369,f3936_41,154
1370,f1761_43,139
1371,f2196_58,148
1372,f0502_09,354
1373,f0687_43,353
1374,f1116_09,313
1375,f1725_33,22
1376,f1757_24,144
1377,f1794_07,116
1378,f2437_50,149
1379,f3437_17,164
1380,f1444_03,305
1381,f0238_02,280
1382,f0395_15,380
1383,f2238_86,144
1384,f2362_73,143
1385,f2596_86,148
1386,f4057_40,158
1387,f1476_39,105
1388,f0334_01,247
1389,f3151_13,150
1390,f3554_18,157
1391,f3587_27,161
1392,f0924_33,221
1393,f1524_26,144
1394,f3578_27,163
1395,f3686_49,164
1396,f3976_36,160
1397,f1945_00,153
1398,f3120_04,157
1399,f3512_31,134
1400,f3729_27,162
1401,f3815_34,157
1402,f0980_43,301
1403,f1142_44,217
1404,f3146_14,147
1405,f3623_42,142
1406,f0751_28,353
1407,f0901_39,327
1408,f2383_60,157
1409,f3200_41,153
1410,f3385_08,155
1411,f3499_36,156
1412,f3900_35,158
1413,f3982_48,149
1414,f1186_07,249
1415,f1501_00,144
1416,f3201_07,155
1417,f3240_48,97
1418,f3566_36,113
1419,f0762_20,316
1420,f0255_48,376
1421,f0596_26,354
1422,f1852_35,149
1423,f2176_64,142
1424,f2017_03,152
1425,f0246_12,381
1426,f1386_19,96
1427,f1437_23,264
1428,f2204_78,159
1429,f2436_53,139
1430,f2469_50,153
1431,f1225_06,324
1432,f1244_09,346
1433,f1831_15,87
1434,f2035_49,151
1435,f3397_12,153
1436,f1726_01,35
1437,f3926_17,157
1438,f0752_25,366
1439,f1451_24,222
1440,f3105_03,148
1441,f3217_28,162
1442,f3342_24,163
1443,f3812_06,148
1444,f0325_17,317
1445,f3116_03,146
1446,f0585_26,319
1447,f0711_11,303
1448,f1208_33,297
1449,f2150_52,146
1450,f1672_35,116
1451,f2415_79,141
1452,f3445_01,159
1453,f1062_28,287
1454,f1203_10,270
1455,f3132_12,159
1456,f0732_46,223
1457,f1083_27,318
1458,f1280_21,89
1459,f1686_01,101
1460,f3390_07,163
1461,f3486_00,159
1462,f3537_23,137
1463,f3810_05,132
1464,f0511_03,259
1465,f1763_25,141
1466,f3160_19,158
1467,f0776_08,221
1468,f0972_43,319
1469,f2164_60,161
1470,f3664_18,140
1471,f0445_46,362
1472,f3400_08,160
1473,f0639_24,300
1474,f1098_11,219
1475,f1233_46,356
1476,f3814_43,161
1477,f3879_35,159
1478,f4080_22,156
1479,f0208_05,372
1480,f2076_31,151
1481,f2117_54,135
1482,f3286_40,159
1483,f3870_03,151
1484,f0784_30,282
1485,f2155_59,154
1486,f2243_87,141
1487,f3367_07,159
1488,f0973_47,326
1489,f1089_04,330
1490,f2157_61,151
1491,f2228_87,158
1492,f2435_57,144
1493,f3383_24,161
1494,f3811_12,162
1495,f4018_10,163
1496,f0456_45,336
1497,f2588_72,150
1498,f3365_46,162
1499,f3427_21,164
1500,f0120_29,271
1501,f0461_47,362
1502,f1519_36,150
1503,f1858_21,110
1504,f3833_03,126
1505,f0072_36,342
1506,f0695_31,330
1507,f0898_29,332
1508,f1999_37,155
1509,f1711_35,125
1510,f1819_37,141
1511,f0951_29,356
1512,f2207_75,132
1513,f0329_34,326
1514,f0381_28,324
1515,f1271_05,160
1516,f1899_19,106
1517,f0273_27,304
1518,f1732_28,155
1519,f1820_17,151
1520,f2162_62,143
1521,f2395_78,149
1522,f0347_04,371
1523,f0419_29,237
1524,f1586_22,142
1525,f1863_44,141
1526,f2440_79,139
1527,f3469_10,159
1528,f0780_06,253
1529,f0841_10,350
1530,f0882_28,231
1531,f2242_91,159
1532,f1207_46,207
1533,f1631_40,155
1534,f3479_08,163
1535,f0629_39,294
1536,f1693_00,149
1537,f2156_56,154
1538,f2317_76,141
1539,f2558_96,140
1540,f3425_47,152
1541,f1375_23,265
1542,f1449_22,292
1543,f1475_14,195
1544,f1804_32,122
1545,f2427_89,153
1546,f2545_52,154
1547,f3318_25,158
1548,f0301_33,344
1549,f1256_05,211
1550,f3212_36,162
1551,f3233_02,148
1552,f3998_40,151
1553,f0890_35,315
1554,f0936_34,267
1555,f1903_48,130
1556,f3266_12,155
1557,f3306_39,153
1558,f3372_23,157
1559,f3430_38,164
1560,f0965_28,285
1561,f1136_31,193
1562,f2599_91,129
1563,f3317_25,140
1564,f4012_13,154
1565,f0363_43,145
1566,f0930_07,310
1567,f0954_02,259
1568,f2081_42,142
1569,f2566_51,159
1570,f3252_32,164
1571,f3287_41,145
1572,f3691_47,143
1573,f0108_12,373
1574,f1181_27,284
1575,f2024_20,134
1576,f2128_52,140
1577,f3731_07,138
1578,f1022_17,247
1579,f1268_12,241
1580,f1799_27,159
1581,f0397_27,304
1582,f3130_44,159
1583,f3638_42,159
1584,f3854_08,150
1585,f1095_24,269
1586,f1298_29,282
1587,f1955_30,140
1588,f2142_69,159
1589,f2410_85,151
1590,f2411_88,155
1591,f2597_88,141
1592,f1150_03,213
1593,f3308_03,151
1594,f3446_10,156
1595,f3641_13,150
1596,f1067_20,289
1597,f1273_29,283
1598,f2072_32,144
1599,f2401_78,159
1600,f0473_21,373
1601,f1530_18,157
1602,f2300_52,145
1603,f3979_36,152
1604,f4078_05,159
1605,f0574_03,345
1606,f1111_02,332
1607,f1691_07,134
1608,f1927_01,148
1609,f3371_34,162
1610,f3882_22,125
1611,f1426_27,196
1612,f1580_14,115
1613,f3462_15,140
1614,f3761_12,146
1615,f0225_20,295
1616,f0955_30,320
1617,f1101_38,209
1618,f1177_42,264
1619,f1743_33,116
1620,f1947_49,144
1621,f3377_11,140
1622,f3801_00,158
1623,f3893_01,147
1624,f0503_44,330
1625,f1049_26,225
1626,f1920_09,147
1627,f2087_13,140
1628,f0122_45,271
1629,f3417_01,155
1630,f0945_28,322
1631,f1077_48,214
1632,f1143_43,336
1633,f1305_42,262
1634,f1436_39,210
1635,f3123_42,163
1636,f3292_31,150
1637,f3358_28,152
1638,f0151_02,285
1639,f0590_06,276
1640,f0614_14,274
1641,f1013_47,261
1642,f1046_14,312
1643,f1494_41,321
1644,f1663_13,138
1645,f0017_07,382
1646,f1581_39,141
1647,f2113_94,163
1648,f2220_72,137
1649,f3596_19,153
1650,f1545_40,128
1651,f1988_11,139
1652,f3186_24,151
1653,f3667_35,164
1654,f0524_04,265
1655,f3517_27,150
1656,f3754_42,153
1657,f0517_23,239
1658,f0576_01,324
1659,f1109_36,286
1660,f1133_00,188
1661,f1790_11,128
1662,f1827_17,144
1663,f2131_73,161
1664,f2231_55,144
1665,f1767_34,45
1666,f2546_62,148
1667,f4085_42,123
1668,f0144_05,334
1669,f1983_00,129
1670,f1433_36,285
1671,f1737_09,128
1672,f1838_49,134
1673,f0430_02,315
1674,f0912_01,321
1675,f1844_38,141
1676,f2061_12,131
1677,f2073_06,157
1678,f3778_23,150
1679,f0040_25,338
1680,f0458_38,359
1681,f3360_00,159
1682,f3807_11,164
1683,f0958_28,266
1684,f0996_01,377
1685,f1558_21,132
1686,f3727_12,153
1687,f0543_19,313
1688,f0874_26,366
1689,f0889_48,300
1690,f1291_26,228
1691,f3402_08,162
1692,f3476_46,153
1693,f0716_15,285
1694,f3922_38,145
1695,f1994_21,144
1696,f2009_39,124
1697,f2457_97,162
1698,f3496_38,147
1699,f4038_15,149
1700,f0159_14,357
1701,f0615_00,338
1702,f0625_26,330
1703,f2181_63,156
1704,f2323_81,158
1705,f3350_11,145
1706,f3544_20,150
1707,f0462_07,238
1708,f1383_16,219
1709,f3455_32,154
1710,f0737_49,341
1711,f1746_28,134
1712,f2288_58,141
1713,f0309_42,302
1714,f1837_00,159
1715,f2283_59,154
1716,f3357_06,156
1717,f3620_07,151
1718,f3809_17,160
1719,f0638_07,288
1720,f1770_47,138
1721,f2470_80,162
1722,f3906_44,164
1723,f1025_22,198
1724,f1364_24,246
1725,f1576_04,93
1726,f2166_63,159
1727,f0413_09,327
1728,f1282_39,356
1729,f1902_10,134
1730,f2329_94,105
1731,f3167_45,145
1732,f3889_26,152
1733,f0765_33,360
1734,f0910_22,316
1735,f1840_35,151
1736,f2527_72,159
1737,f3668_33,162
1738,f0087_24,292
1739,f0968_30,292
1740,f1285_45,258
1741,f2175_59,134
1742,f3359_42,154
1743,f0989_33,358
1744,f1399_06,182
1745,f1848_43,145
1746,f3540_36,157
1747,f0805_48,321
1748,f1602_35,151
1749,f3129_16,145
1750,f3314_25,157
1751,f3500_08,159
1752,f0497_00,259
1753,f0739_42,298
1754,f0853_05,309
1755,f1051_38,288
1756,f2011_41,138
1757,f3605_17,163
1758,f0883_14,168
1759,f1255_13,320
1760,f1762_28,154
1761,f2547_96,155
1762,f3114_13,149
1763,f3845_39,153
1764,f0860_21,357
1765,f2464_74,147
1766,f3734_01,158
1767,f0167_33,321
1768,f0728_14,317
1769,f1360_32,295
1770,f1882_40,121
1771,f3456_33,166
1772,f3710_43,158
1773,f1232_34,160
1774,f1385_36,294
1775,f1681_44,154
1776,f1751_08,128
1777,f2034_14,119
1778,f2225_86,114
1779,f3690_41,151
1780,f3918_03,185
1781,f0836_28,256
1782,f0856_23,249
1783,f1008_28,328
1784,f3101_07,156
1785,f0599_04,226
1786,f0943_40,354
1787,f2555_88,161
1788,f3152_47,163
1789,f0498_06,307
1790,f0828_34,298
1791,f1354_22,303
1792,f2276_91,143
1793,f0356_41,332
1794,f1173_40,215
1795,f1428_25,287
1796,f1463_23,213
1797,f2178_93,163
1798,f2254_72,131
1799,f3100_44,157
1800,f3745_12,154
1801,f1275_19,270
1802,f1472_37,348
1803,f0913_31,301
1804,f2258_85,161
1805,f2473_81,163
1806,f2576_66,157
1807,f3823_46,161
1808,f1066_29,182
1809,f2031_31,115
1810,f2354_87,159
1811,f3327_11,164
1812,f0314_27,341
1813,f1499_12,125
1814,f1547_06,151
1815,f1570_40,115
1816,f3232_11,155
1817,f3407_40,158
1818,f3678_17,162
1819,f3702_47,152
1820,f3881_31,141
1821,f1534_32,159
1822,f1811_11,125
1823,f2147_79,159
1824,f2565_57,141
1825,f3606_19,121
1826,f0767_25,283
1827,f1414_16,240
1828,f0513_18,324
1829,f1730_21,144
1830,f2467_77,160
1831,f2539_96,143
1832,f3530_32,158
1833,f3864_42,158
1834,f0682_48,265
1835,f1341_45,312
1836,f1366_49,287
1837,f3740_01,143
1838,f0886_40,338
1839,f0920_11,241
1840,f1303_05,250
1841,f1402_17,281
1842,f2140_77,150
1843,f2210_96,156
1844,f2528_69,151
1845,f2582_70,152
1846,f3205_40,154
1847,f0962_04,272
1848,f0966_44,289
1849,f2313_55,158
1850,f2479_65,155
1851,f3368_37,157
1852,f0022_10,301
1853,f2094_44,120
1854,f3636_24,123
1855,f1161_00,190
1856,f1498_08,211
1857,f2303_66,162
1858,f4003_07,143
1859,f0039_14,336
1860,f1215_02,335
1861,f1419_11,139
1862,f3356_11,165
1863,f0750_18,359
1864,f0925_21,372
1865,f1283_24,238
1866,f2222_84,150
1867,f3759_43,152
1868,f4091_23,146
1869,f0259_41,318
1870,f0992_04,304
1871,f1217_02,274
1872,f1559_25,161
1873,f2268_88,164
1874,f3622_43,154
1875,f3671_04,150
1876,f3896_07,148
1877,f0663_30,307
1878,f0878_21,337
1879,f1760_27,142
1880,f2102_52,148
1881,f3351_27,162
1882,f3394_37,162
1883,f3570_15,153
1884,f0766_01,324
1885,f1331_49,191
1886,f2312_87,142
1887,f2316_50,142
1888,f2573_61,160
1889,f3656_42,144
1890,f3995_18,121
1891,f1151_39,248
1892,f3775_12,159
1893,f3219_49,160
1894,f1047_26,330
1895,f1238_43,336
1896,f1400_25,312
1897,f1443_09,304
1898,f1479_40,184
1899,f1699_42,141
1900,f1724_42,143
1901,f1728_02,159
1902,f3635_09,139
1903,f4079_43,136
1904,f0528_49,237
1905,f0933_38,330
1906,f0975_48,272
1907,f1460_02,168
1908,f2091_28,152
1909,f2257_69,152
1910,f2400_61,126
1911,f0442_00,335
1912,f1609_27,146
1913,f2450_56,150
1914,f3478_49,141
1915,f3886_02,154
1916,f3912_15,160
1917,f3847_24,159
1918,f0477_46,352
1919,f0610_38,249
1920,f0904_04,275
1921,f1995_29,39
1922,f3584_47,154
1923,f3655_18,152
1924,f0150_25,325
1925,f0560_16,350
1926,f1015_14,278
1927,f2125_64,157
1928,f0608_06,217
1929,f0757_24,210
1930,f1327_05,289
1931,f1600_43,147
1932,f1991_47,143
1933,f3528_35,159
1934,f3609_24,163
1935,f0523_42,285
1936,f0796_08,255
1937,f1110_03,69
1938,f1682_10,145
1939,f2158_68,121
1940,f2402_75,164
1941,f3559_23,132
1942,f3675_24,159
1943,f0123_28,331
1944,f0133_23,319
1945,f0722_29,306
1946,f1234_26,159
1947,f2172_67,158
1948,f3548_40,160
1949,f3567_49,158
1950,f3666_48,148
1951,f0062_25,351
1952,f0931_37,357
1953,f1601_01,157
1954,f1884_05,151
1955,f2108_54,134
1956,f3406_49,152
1957,f1553_24,125
1958,f3699_41,149
1959,f0284_34,365
1960,f1290_49,234
1961,f2173_74,150
1962,f0370_20,337
1963,f0725_46,329
1964,f2594_90,160
1965,f3155_15,159
1966,f3907_43,151
1967,f0242_22,364
1968,f1107_44,221
1969,f1789_37,115
1970,f1823_43,133
1971,f2014_07,148
1972,f3234_23,159
1973,f3724_32,154
1974,f0571_24,324
1975,f3988_14,149
1976,f0206_38,271
1977,f1493_36,267
1978,f3471_02,152
1979,f3617_43,142
1980,f4013_32,162
1981,f1076_12,245
1982,f1358_13,132
1983,f1542_30,93
1984,f3646_15,151
1985,f0450_41,234
1986,f1434_10,243
1987,f1454_12,222
1988,f1718_29,144
1989,f1733_23,92
1990,f2202_76,124
1991,f2494_73,157
1992,f3307_33,146
1993,f1172_25,269
1994,f3241_49,159
1995,f4071_32,149
1996,f0474_10,207
1997,f1039_40,296
1998,f2554_55,146
1999,f3122_40,159
2000,f3501_06,161
2001,f0166_12,279
2002,f2192_56,143
2003,f3773_14,159
2004,f1274_24,221
2005,f3283_17,163
2006,f3828_24,163
2007,f3908_41,159
2008,f0465_42,378
2009,f0812_32,341
2010,f1551_34,158
2011,f1585_06,152
2012,f3103_38,164
2013,f0721_31,312
2014,f1514_35,148
2015,f1976_25,147
2016,f2342_82,153
2017,f0618_44,341
2018,f1260_34,208
2019,f3274_27,165
2020,f1112_30,350
2021,f3121_43,146
2022,f3569_18,158
2023,f3800_17,136
2024,f0662_29,281
2025,f1785_07,148
2026,f3993_05,162
2027,f0289_10,418
2028,f3341_29,161
2029,f3523_31,151
2030,f0354_10,206
2031,f0917_11,317
2032,f1007_22,306
2033,f1319_00,166
2034,f3703_10,141
2035,f0822_30,312
2036,f0693_40,341
2037,f1775_42,159
2038,f2412_86,157
2039,f3542_00,148
2040,f1446_25,252
2041,f3738_16,150
2042,f0949_02,283
2043,f1412_36,315
2044,f3968_18,159
2045,f0850_30,295
2046,f0859_01,303
2047,f1557_00,148
2048,f2598_92,131
2049,f0715_08,234
2050,f2119_56,159
2051,f1367_00,200
2052,f2194_63,154
2053,f3758_19,158
2054,f1035_22,317
2055,f1267_20,231
2056,f1404_39,143
2057,f2425_91,156
2058,f2590_60,147
2059,f3202_01,149
2060,f3639_43,164
2061,f0102_31,375
2062,f0559_18,366
2063,f0786_07,288
2064,f2420_84,163
2065,f2484_76,158
2066,f0818_03,320
2067,f2335_52,159
2068,f3228_48,162
2069,f3755_33,153
2070,f3695_42,162
2071,f2193_99,159
2072,f3312_28,145
2073,f3449_11,165
2074,f0768_20,283
2075,f0926_26,284
2076,f1033_07,243
2077,f1381_00,240
2078,f2397_92,146
2079,f3515_26,137
2080,f3692_49,161
2081,f3822_47,162
2082,f4051_49,141
2083,f0549_39,312
2084,f2060_18,151
2085,f3575_04,149
2086,f3713_40,155
2087,f1908_49,149
2088,f2302_58,140
2089,f3852_32,158
2090,f0139_23,315
2091,f0584_22,264
2092,f0659_24,280
2093,f2538_60,163
2094,f3760_06,138
2095,f0389_38,333
2096,f0816_18,292
2097,f1670_20,153
2098,f1964_32,146
2099,f2537_57,159
2100,f1462_01,271
2101,f0604_11,347
2102,f0606_11,315
2103,f0684_13,246
2104,f2454_73,159
2105,f1363_19,273
2106,f1591_47,146
2107,f2468_78,156
2108,f3914_30,163
2109,f0987_34,258
2110,f1318_17,267
2111,f3178_23,153
2112,f1768_48,151
2113,f1965_23,27
2114,f3197_34,161
2115,f3557_12,150
2116,f0558_01,310
2117,f0680_28,348
2118,f2260_57,135
2119,f3688_07,151
2120,f0008_45,376
2121,f2513_56,155
2122,f3861_21,162
2123,f3973_27,158
2124,f1756_07,60
2125,f2361_74,157
2126,f2530_91,165
2127,f3255_43,144
2128,f3370_37,161
2129,f3565_45,146
2130,f1967_21,105
2131,f2273_84,159
2132,f3156_26,158
2133,f3526_34,153
2134,f3711_08,141
2135,f0500_38,304
2136,f0633_18,372
2137,f2045_15,157
2138,f2517_63,158
2139,f3457_40,127
2140,f0801_25,272
2141,f1292_22,241
2142,f3463_16,153
2143,f3634_16,156
2144,f0709_40,315
2145,f0277_33,299
2146,f0998_45,222
2147,f1211_04,340
2148,f1676_30,157
2149,f1777_29,123
2150,f1861_26,153
2151,f3568_48,156
2152,f0207_46,352
2153,f1871_04,143
2154,f3650_20,143
2155,f0349_40,289
2156,f0600_06,225
2157,f3253_11,164
2158,f0802_22,262
2159,f2201_80,156
2160,f2294_71,153
2161,f3586_05,153
2162,f3796_14,135
2163,f0824_18,250
2164,f2534_96,157
2165,f2550_79,146
2166,f3553_12,155
2167,f3632_10,133
2168,f1258_19,192
2169,f1966_31,116
2170,f1970_32,150
2171,f2149_81,128
2172,f2241_88,154
2173,f3618_26,153
2174,f3640_13,147
2175,f0437_05,323
2176,f2066_29,155
2177,f0532_09,242
2178,f1165_30,161
2179,f1190_46,240
2180,f1915_00,116
2181,f2318_78,151
2182,f3662_24,157
2183,f0426_47,159
2184,f0908_25,239
2185,f1131_00,294
2186,f2111_87,155
2187,f3735_09,151
2188,f3866_43,132
2189,f0096_45,359
2190,f3631_34,155
2191,f3684_46,163
2192,f0286_16,331
2193,f2042_30,149
2194,f3348_00,152
2195,f0927_44,254
2196,f3983_27,141
2197,f0744_23,285
2198,f1406_38,237
2199,f1745_36,124
2200,f4096_14,158
2201,f0655_10,185
2202,f0791_04,283
2203,f0800_00,249
2204,f3295_35,143
2205,f3405_07,159
2206,f3411_09,163
2207,f3951_33,154
2208,f1087_32,258
2209,f2213_72,160
2210,f2549_82,113
2211,f4040_28,157
2212,f1684_08,151
2213,f3273_45,157
2214,f3680_36,164
2215,f3733_48,163
2216,f0324_42,234
2217,f0587_34,319
2218,f1510_28,156
2219,f1795_30,154
2220,f3432_38,154
2221,f4090_35,129
2222,f0254_46,386
2223,f2168_66,141
2224,f2570_52,155
2225,f3144_39,161
2226,f3181_10,141
2227,f2144_67,159
2228,f3642_03,88
2229,f0902_17,353
2230,f1959_39,129
2231,f2005_01,120
2232,f0446_03,356
2233,f1567_20,156
2234,f1836_34,159
2235,f1850_16,111
2236,f2200_55,150
2237,f2227_89,142
2238,f3237_27,141
2239,f3756_06,159
2240,f0066_37,385
2241,f0653_02,311
2242,f1192_26,186
2243,f1854_17,89
2244,f3179_39,149
2245,f3238_40,159
2246,f3508_31,163
2247,f3765_44,161
2248,f3784_14,119
2249,f0656_11,272
2250,f0741_44,287
2251,f1535_20,140
2252,f1664_04,137
2253,f2080_34,102
2254,f3267_41,157
2255,f3633_29,159
2256,f3806_01,153
2257,f3857_01,157
2258,f0352_09,294
2259,f3301_38,140
2260,f3728_28,146
2261,f3956_26,147
2262,f4011_12,162
2263,f0569_42,267
2264,f0879_35,350
2265,f0984_25,312
2266,f1549_10,114
2267,f3280_34,163
2268,f0276_07,321
2269,f2305_60,160
2270,f3196_35,164
2271,f3824_05,163
2272,f1315_48,251
2273,f2148_78,159
2274,f3793_06,137
2275,f3834_35,164
2276,f0199_01,390
2277,f0280_20,344
2278,f3687_48,155
2279,f3718_40,160
2280,f0548_49,322
2281,f0578_14,216
2282,f1072_34,194
2283,f1325_20,289
2284,f1636_00,120
2285,f3380_04,159
2286,f3510_43,158
2287,f3954_30,164
2288,f0837_08,134
2289,f1201_49,208
2290,f2143_66,158
2291,f2184_98,155
2292,f3867_42,150
2293,f0421_33,271
2294,f1516_46,140
2295,f1977_23,71
2296,f2141_85,154
2297,f0089_16,331
2298,f1673_32,132
2299,f1896_13,140
2300,f1930_02,159
2301,f3159_16,160
2302,f3325_08,160
2303,f4031_33,157
2304,f0546_38,256
2305,f0554_17,354
2306,f0807_16,277
2307,f1324_40,243
2308,f1485_22,309
2309,f1546_05,157
2310,f1878_33,123
2311,f2431_93,135
2312,f3195_04,150
2313,f3218_23,160
2314,f4027_34,149
2315,f0371_24,259
2316,f1240_01,278
2317,f2308_56,159
2318,f3595_18,131
2319,f3658_27,143
2320,f3989_21,156
2321,f1245_39,317
2322,f1251_10,348
2323,f1497_28,302
2324,f2504_69,81
2325,f3321_36,164
2326,f0253_40,341
2327,f0835_08,298
2328,f0907_00,251
2329,f1391_35,355
2330,f1791_04,148
2331,f1956_19,148
2332,f2252_75,150
2333,f2338_70,141
2334,f3601_49,157
2335,f0270_23,224
2336,f0337_24,392
2337,f0756_22,340
2338,f1239_18,239
2339,f2497_54,161
2340,f0691_00,211
2341,f2116_72,155
2342,f2463_79,141
2343,f3413_34,150
2344,f0158_20,351
2345,f0551_15,240
2346,f1114_07,223
2347,f2365_62,149
2348,f0342_31,331
2349,f0589_20,273
2350,f1740_04,153
2351,f1951_19,158
2352,f3188_47,155
2353,f3717_48,159
2354,f3792_21,147
2355,f0351_22,339
2356,f0379_10,376
2357,f0934_12,323
2358,f1782_05,119
2359,f2430_92,159
2360,f0736_38,320
2361,f0839_37,352
2362,f1069_22,273
2363,f2491_71,134
2364,f3225_26,161
2365,f3683_06,158
2366,f0227_27,330
2367,f2249_75,123
2368,f3396_07,161
2369,f0202_09,308
2370,f0221_37,311
2371,f0482_06,325
2372,f0938_10,358
2373,f1678_19,155
2374,f2492_72,147
2375,f2591_70,164
2376,f1108_14,257
2377,f1487_45,232
2378,f1954_31,158
2379,f2386_82,150
2380,f0540_22,241
2381,f1105_31,146
2382,f1629_49,158
2383,f1059_15,232
2384,f1092_01,150
2385,f1597_45,135
2386,f3108_34,162
2387,f3199_08,160
2388,f3887_39,161
2389,f0952_49,328
2390,f1361_36,253
2391,f1943_00,145
2392,f3790_48,162
2393,f0900_42,335
2394,f1418_02,189
2395,f2311_61,157
2396,f3379_03,164
2397,f3531_27,150
2398,f3716_43,162
2399,f4008_34,141
2400,f0612_11,297
2401,f0646_22,267
2402,f0826_18,285
2403,f0098_33,330
2404,f0359_05,360
2405,f1481_35,316
2406,f1610_32,153
2407,f3338_15,150
2408,f4081_24,163
2409,f0545_49,298
2410,f0568_00,322
2411,f1939_13,124
2412,f0724_37,312
2413,f0811_49,330
2414,f1792_12,156
2415,f1881_37,125
2416,f1997_00,148
2417,f3607_15,137
2418,f4041_39,162
2419,f4065_47,150
2420,f0650_31,303
2421,f1802_35,97
2422,f2137_90,121
2423,f2163_51,145
2424,f3661_19,136
2425,f4010_12,146
2426,f0440_17,288
2427,f1229_25,196
2428,f1528_18,158
2429,f1614_22,147
2430,f2336_99,159
2431,f3404_40,160
2432,f3431_32,165
2433,f3890_40,163
2434,f1429_14,175
2435,f2171_70,135
2436,f2571_62,151
2437,f3894_37,149
2438,f4014_43,149
2439,f0417_44,312
2440,f0814_03,343
2441,f2015_08,137
2442,f2500_50,141
2443,f3858_25,164
2444,f3962_36,156
2445,f0581_30,257
2446,f0651_45,251
2447,f1020_31,276
2448,f1727_36,16
2449,f1929_04,143
2450,f3243_44,159
2451,f0068_00,317
2452,f0840_37,356
2453,f1474_13,231
2454,f1824_18,144
2455,f2414_89,164
2456,f3899_30,159
2457,f2466_76,152
2458,f3117_11,163
2459,f3412_27,149
2460,f0601_32,271
2461,f0788_34,250
2462,f1990_33,42
2463,f2027_41,30
2464,f2393_90,159
2465,f2456_71,132
2466,f2123_63,153
2467,f3535_09,159
2468,f3848_28,164
2469,f0187_18,373
2470,f0196_10,361
2471,f0200_38,231
2472,f0616_04,363
2473,f1134_40,266
2474,f1249_33,268
2475,f1288_23,164
2476,f1771_46,115
2477,f2403_71,147
2478,f3541_02,158
2479,f0779_27,237
2480,f1382_07,338
2481,f1511_41,150
2482,f1533_23,159
2483,f1780_04,113
2484,f1825_06,133
2485,f2496_56,152
2486,f3931_13,139
2487,f0428_41,159
2488,f1281_28,304
2489,f1484_21,266
2490,f1712_10,158
2491,f1307_25,168
2492,f1735_22,145
2493,f2106_66,159
2494,f2255_70,162
2495,f2281_52,164
2496,f1323_11,303
2497,f3521_09,147
2498,f0521_14,347
2499,f3229_48,160
2500,f0918_47,286
2501,f1620_12,130
2502,f2413_87,159
2503,f3752_35,161
2504,f0210_17,318
2505,f2428_96,158
2506,f3289_18,162
2507,f0813_02,285
2508,f1390_10,219
2509,f1980_17,121
2510,f4072_44,158
2511,f0743_31,383
2512,f0914_27,362
2513,f1262_42,243
2514,f2132_69,146
2515,f2322_80,159
2516,f3536_49,154
2517,f3827_08,150
2518,f3836_27,162
2519,f3840_05,162
2520,f3909_46,151
2521,f1009_29,237
2522,f0815_12,366
2523,f2041_22,141
2524,f2058_01,134
2525,f3967_43,132
2526,f0678_26,275
2527,f1776_35,146
2528,f1883_03,146
2529,f3391_40,164
2530,f0298_13,338
2531,f0471_15,298
2532,f0749_12,270
2533,f0909_04,243
2534,f3322_40,164
2535,f4070_43,143
2536,f0944_27,334
2537,f2177_57,104
2538,f0308_10,292
2539,f0036_39,346
2540,f1829_17,114
2541,f2253_73,157
2542,f3208_06,154
2543,f1440_10,235
2544,f4095_43,150
2545,f1118_23,294
2546,f1135_17,272
2547,f2064_33,141
2548,f0424_27,284
2549,f0476_07,212
2550,f1348_27,86
2551,f1969_24,46
2552,f2069_42,96
2553,f3389_44,154
2554,f0104_43,342
2555,f0466_11,361
2556,f2357_70,148
2557,f1420_00,321
2558,f1552_32,126
2559,f0911_02,345
2560,f0964_10,234
2561,f1407_18,213
2562,f3337_21,165
2563,f3940_26,151
2564,f4016_16,157
2565,f1284_38,214
2566,f2520_64,160
2567,f2562_90,159
2568,f3669_35,154
2569,f0093_24,274
2570,f0262_15,339
2571,f0782_49,312
2572,f0919_47,354
2573,f1928_20,117
2574,f2065_28,139
2575,f3333_15,165
2576,f3513_47,159
2577,f0216_26,293
2578,f0427_40,279
2579,f0658_30,290
2580,f1942_21,162
2581,f2309_54,120
2582,f0084_19,232
2583,f1371_21,198
2584,f3461_23,162
2585,f3579_30,164
2586,f1769_04,140
2587,f2355_85,159
2588,f1736_04,134
2589,f1923_42,90
2590,f2552_82,149
2591,f1090_13,206
2592,f2195_64,146
2593,f2368_50,155
2594,f3362_03,159
2595,f3625_17,155
2596,f3970_25,164
2597,f0789_10,312
2598,f0830_45,186
2599,f1129_22,261
2600,f1818_11,131
2601,f1867_44,125
2602,f2392_80,161
2603,f3345_12,162
2604,f0146_33,280
2605,f0637_21,266
2606,f1707_05,127
2607,f0335_14,384
2608,f0869_20,163
2609,f3494_34,161
2610,f0279_03,341
2611,f2502_59,148
2612,f4087_40,132
2613,f1279_31,244
2614,f1368_03,176
2615,f1998_10,155
2616,f2543_98,157
2617,f3842_45,133
2618,f3953_28,157
2619,f0622_25,369
2620,f1170_00,336
2621,f2071_28,159
2622,f3154_48,154
2623,f0877_17,355
2624,f1621_46,92
2625,f2167_65,154
2626,f2390_87,141
2627,f3378_44,153
2628,f3551_12,134
2629,f0808_46,298
2630,f0819_13,304
2631,f0676_08,318
2632,f0746_28,193
2633,f1194_03,224
2634,f1489_03,181
2635,f2121_67,131
2636,f2203_77,145
2637,f2206_73,129
2638,f3977_39,161
2639,f4029_29,158
2640,f0214_05,313
2641,f0742_09,258
2642,f1168_30,284
2643,f1817_18,146
2644,f3153_49,156
2645,f3782_00,157
2646,f1016_36,88
2647,f1242_30,255
2648,f1410_19,135
2649,f1944_40,98
2650,f0154_34,253
2651,f1070_09,219
2652,f1157_43,257
2653,f1237_18,162
2654,f1447_28,231
2655,f3366_32,158
2656,f3629_19,155
2657,f3769_10,151
2658,f0382_03,338
2659,f0971_24,299
2660,f1235_34,294
2661,f1677_01,139
2662,f1698_35,143
2663,f1937_04,130
2664,f3214_03,158
2665,f3676_37,157
2666,f3209_08,163
2667,f3293_30,148
2668,f3614_06,158
2669,f3877_11,153
2670,f4001_45,160
2671,f4030_29,140
2672,f0077_13,368
2673,f0583_26,328
2674,f1017_30,230
2675,f1040_01,179
2676,f1345_41,313
2677,f1642_04,137
2678,f2426_87,135
2679,f3376_29,156
2680,f3440_33,159
2681,f1104_24,291
2682,f1703_29,142
2683,f2016_39,144
2684,f2279_94,163
2685,f3996_02,141
2686,f2032_22,98
2687,f2307_62,133
2688,f3576_04,164
2689,f3583_09,165
2690,f0049_32,354
2691,f2146_84,149
2692,f3138_46,159
2693,f3749_27,158
2694,f0636_12,242
2695,f0866_22,293
2696,f0961_08,362
2697,f1227_38,228
2698,f1311_39,268
2699,f2084_07,143
2700,f3288_23,162
2701,f0374_13,345
2702,f0634_01,307
2703,f1397_09,296
2704,f2310_51,145
2705,f3571_20,147
2706,f3719_06,159
2707,f4069_03,153
2708,f0864_41,310
2709,f1613_27,155
2710,f1688_24,145
2711,f2110_56,164
2712,f2250_52,149
2713,f2330_95,142
2714,f3748_29,157
2715,f0969_31,113
2716,f1439_27,285
2717,f3604_21,150
2718,f3938_46,151
2719,f0264_18,338
2720,f0893_25,324
2721,f1065_10,264
2722,f2301_65,158
2723,f3185_38,153
2724,f0439_08,339
2725,f2079_27,137
2726,f3381_42,136
2727,f3490_39,144
2728,f3615_49,162
2729,f0665_47,351
2730,f1931_49,86
2731,f2264_82,153
2732,f3884_40,153
2733,f0285_23,313
2734,f2075_09,145
2735,f3170_08,159
2736,f3493_27,168
2737,f0029_05,222
2738,f2404_70,153
2739,f3281_27,157
2740,f1748_30,160
2741,f3102_36,161
2742,f3612_13,158
2743,f0169_09,205
2744,f0959_27,316
2745,f2583_71,119
2746,f3762_40,141
2747,f3911_34,158
2748,f0071_21,270
2749,f0344_25,384
2750,f1154_00,153
2751,f1537_32,133
2752,f1722_43,158
2753,f4068_21,140
2754,f0838_49,341
2755,f1405_35,247
2756,f4044_44,142
2757,f0203_21,384
2758,f1531_34,120
2759,f1710_15,141
2760,f2182_95,148
2761,f2518_67,150
2762,f1121_47,213
2763,f3423_29,147
2764,f0233_14,297
2765,f0538_03,279
2766,f0706_13,363
2767,f1369_36,380
2768,f1608_37,150
2769,f1616_04,157
2770,f1952_17,132
2771,f2451_68,151
2772,f3302_29,159
2773,f0630_16,331
2774,f0993_30,317
2775,f1350_18,316
2776,f2351_74,159
2777,f2584_73,162
2778,f3113_40,153
2779,f3354_29,163
2780,f0726_09,267
2781,f1160_23,208
2782,f3825_12,150
2783,f4002_46,163
2784,f0626_23,297
2785,f1338_02,314
2786,f2221_70,156
2787,f1184_21,194
2788,f1438_26,236
2789,f1529_23,138
2790,f1548_21,97
2791,f1595_34,143
2792,f3643_29,150
2793,f3660_26,141
2794,f0011_13,383
2795,f0405_20,311
2796,f0806_09,341
2797,f1630_21,157
2798,f1891_18,130
2799,f1897_40,157
2800,f2152_98,132
2801,f3222_24,152
2802,f0088_22,297
2803,f1457_23,277
2804,f2169_69,123
2805,f4042_33,150
2806,f0241_46,356
2807,f1592_44,127
2808,f1978_04,148
2809,f1849_46,152
2810,f3555_14,161
2811,f0112_07,357
2812,f1075_00,265
2813,f1132_19,321
2814,f1504_10,132
2815,f2008_26,139
2816,f4055_44,158
2817,f0052_42,196
2818,f0069_14,341
2819,f0570_31,331
2820,f0705_35,307
2821,f0915_03,298
2822,f2199_64,128
2823,f0184_49,294
2824,f1353_42,186
2825,f1651_06,161
2826,f3459_46,164
2827,f0035_19,375
2828,f0556_25,273
2829,f0956_32,315
2830,f1464_23,186
2831,f3285_15,161
2832,f3428_02,160
2833,f3443_42,155
2834,f3652_48,149
2835,f1922_38,137
2836,f2188_71,147
2837,f4083_30,141
2838,f0042_43,297
2839,f1042_08,292
2840,f1045_35,200
2841,f1961_34,122
2842,f3742_12,136
2843,f0832_40,204
2844,f1202_47,153
2845,f1228_30,135
2846,f1088_00,325
2847,f1919_17,96
2848,f2055_31,142
2849,f3774_21,154
2850,f4052_33,150
2851,f0798_05,261
2852,f0851_41,204
2853,f1430_10,252
2854,f2112_65,159
2855,f2498_75,156
2856,f3939_49,163
2857,f1019_45,236
2858,f1640_48,152
2859,f1708_22,135
2860,f2533_94,149
2861,f3119_39,149
2862,f3127_16,162
2863,f3543_29,160
2864,f3950_44,152
2865,f1163_43,108
2866,f2229_88,141
2867,f1119_27,237
2868,f1500_25,128
2869,f1544_46,152
2870,f1565_04,154
2871,f3484_17,157
2872,f1269_14,123
2873,f1868_06,117
2874,f2000_40,159
2875,f3398_06,154
2876,f3903_05,150
2877,f1317_00,213
2878,f1626_27,135
2879,f3206_45,150
2880,f3819_19,132
2881,f3937_40,153
2882,f1342_17,277
2883,f1575_36,162
2884,f1834_16,138
2885,f1270_28,286
2886,f1805_13,135
2887,f3538_29,124
2888,f3291_47,128
2889,f0621_33,328
2890,f2324_84,152
2891,f0297_05,347
2892,f0452_37,307
2893,f0892_23,327
2894,f1866_14,107
2895,f2531_92,154
2896,f3985_04,159
2897,f0449_22,233
2898,f0783_27,348
2899,f1483_44,290
2900,f1656_24,147
2901,f2421_86,104
2902,f0037_16,363
2903,f0617_30,292
2904,f0792_07,348
2905,f1396_07,192
2906,f3948_41,145
2907,f4073_38,159
2908,f1299_42,152
2909,f3270_11,151
2910,f0713_17,323
2911,f1068_20,223
2912,f1086_15,339
2913,f1556_19,60
2914,f1599_48,134
2915,f1611_08,138
2916,f3124_21,163
2917,f3581_23,163
2918,f3961_03,151
2919,f0731_05,309
2920,f1470_34,304
2921,f1541_40,152
2922,f2501_53,159
2923,f2526_71,154
2924,f3839_11,137
2925,f0505_13,219
2926,f2407_74,153
2927,f3395_44,165
2928,f3482_33,151
2929,f3549_47,161
2930,f3888_32,132
2931,f3984_32,156
2932,f4043_08,69
2933,f3134_27,159
2934,f3941_08,150
2935,f1624_03,142
2936,f3339_15,140
2937,f3467_12,155
2938,f0431_36,362
2939,f0597_00,358
2940,f1296_02,204
2941,f1702_13,158
2942,f3207_05,157
2943,f3386_27,163
2944,f3420_27,166
2945,f3561_09,155
2946,f3904_45,137
2947,f0170_40,350
2948,f0880_16,263
2949,f1696_08,135
2950,f3590_03,158
2951,f0747_24,335
2952,f1247_15,348
2953,f2233_79,155
2954,f3198_32,162
2955,f3324_05,164
2956,f0107_06,352
2957,f0577_19,330
2958,f1411_01,261
2959,f3497_42,150
2960,f3611_14,164
2961,f0849_38,310
2962,f1080_00,261
2963,f1196_16,305
2964,f1550_34,150
2965,f1719_12,146
2966,f2088_14,153
2967,f3966_01,157
2968,f0034_08,339
2969,f0810_40,228
2970,f1413_14,308
2971,f2449_96,123
2972,f0564_43,262
2973,f1297_30,123
2974,f1843_09,131
2975,f1886_18,147
2976,f1960_26,158
2977,f2277_92,157
2978,f3619_19,141
2979,f3779_49,160
2980,f4021_01,162
2981,f0320_41,384
2982,f0463_09,331
2983,f0515_18,340
2984,f0670_02,220
2985,f1784_17,140
2986,f3173_48,156
2987,f3694_44,141
2988,f4076_42,160
2989,f1205_25,311
2990,f1657_06,130
2991,f1744_39,157
2992,f1900_12,152
2993,f2124_66,140
2994,f2270_87,141
2995,f4056_41,161
2996,f1204_09,344
2997,f1445_31,312
2998,f1859_39,96
2999,f2319_77,154
3000,f2418_82,154
3001,f3830_48,144
3002,f3910_30,151
3003,f0701_21,353
3004,f2038_08,142
3005,f2057_23,134
3006,f2331_93,123
3007,f1627_25,156
3008,f2240_80,153
3009,f3334_16,143
3010,f4015_05,149
3011,f1619_37,150
3012,f1796_21,134
3013,f1100_46,114
3014,f3346_12,150
3015,f3504_46,162
3016,f0773_10,262
3017,f3442_00,154
3018,f0516_45,269
3019,f0753_05,306
3020,f1038_35,289
3021,f1330_35,253
3022,f1904_33,141
3023,f2246_93,148
3024,f3203_10,160
3025,f3441_24,151
3026,f1220_42,240
3027,f1230_10,241
3028,f1910_05,141
3029,f2444_84,148
3030,f2519_67,158
3031,f0176_30,271
3032,f0586_11,313
3033,f0620_49,317
3034,f1073_05,207
3035,f1821_24,147
3036,f3488_35,156
3037,f3552_12,164
3038,f3783_47,164
3039,f1975_00,114
3040,f1755_46,141
3041,f2114_50,155
3042,f2134_58,140
3043,f2536_59,160
3044,f3505_39,162
3045,f3781_28,155
3046,f0855_46,243
3047,f1153_08,323
3048,f1336_30,235
3049,f1963_27,159
3050,f3172_42,130
3051,f1001_28,322
3052,f1376_43,270
3053,f1409_25,266
3054,f1847_26,141
3055,f0058_07,312
3056,f0252_30,363
3057,f1193_46,177
3058,f1641_09,132
3059,f2039_13,132
3060,f2247_97,133
3061,f2512_54,158
3062,f3458_26,162
3063,f1380_34,260
3064,f3141_36,158
3065,f3166_12,157
3066,f0504_29,211
3067,f1024_46,328
3068,f2037_06,139
3069,f3562_47,150
3070,f3594_23,150
3071,f3816_24,156
3072,f0932_44,315
3073,f1467_22,195
3074,f0533_32,316
3075,f3279_28,160
3076,f0113_31,339
3077,f0566_02,267
3078,f1448_42,327
3079,f3744_12,159
3080,f0561_12,310
3081,f3189_40,151
3082,f4039_48,145
3083,f0293_40,310
3084,f0402_38,351
3085,f1344_45,220
3086,f2540_95,164
3087,f0067_25,228
3088,f0686_09,346
3089,f1036_49,141
3090,f2237_82,160
3091,f4054_12,137
3092,f0862_25,327
3093,f3753_43,159
3094,f1349_00,231
3095,f1870_30,156
3096,f2406_72,168
3097,f3180_41,128
3098,f3841_01,159
3099,f2493_99,154
3100,f2580_69,150
3101,f0857_21,159
3102,f1050_39,267
3103,f1417_14,263
3104,f2135_53,159
3105,f3369_37,154
3106,f3672_20,160
3107,f0355_32,348
3108,f1889_05,159
3109,f3685_08,161
3110,f3739_34,144
3111,f0172_40,370
3112,f0674_44,284
3113,f1388_41,143
3114,f2349_78,119
3115,f0718_13,302
3116,f0995_43,302
3117,f1895_37,157
3118,f2174_61,152
3119,f2226_85,164
3120,f3168_20,159
3121,f3382_25,161
3122,f0006_12,342
3123,f0162_02,285
3124,f1200_36,181
3125,f1683_30,153
3126,f1914_02,104
3127,f1925_00,145
3128,f2459_55,157
3129,f2587_73,153
3130,f1427_16,309
3131,f1538_15,131
3132,f1587_05,139
3133,f2216_66,156
3134,f2381_54,139
3135,f3231_19,151
3136,f3408_47,155
3137,f3547_04,152
3138,f3647_13,150
3139,f3723_03,159
3140,f1492_06,284
3141,f1750_06,159
3142,f3401_42,163
3143,f0266_14,338
3144,f1340_02,248
3145,f1839_31,132
3146,f2340_80,160
3147,f3393_08,146
3148,f3986_31,159
3149,f4025_17,161
3150,f0623_37,285
3151,f1023_49,214
3152,f1801_01,157
3153,f3262_45,134
3154,f3885_04,162
3155,f0129_32,275
3156,f0668_31,316
3157,f0939_32,291
3158,f3191_43,155
3159,f3256_38,150
3160,f3960_19,165
3161,f4093_35,126
3162,f0829_00,312
3163,f1123_09,232
3164,f4034_28,159
3165,f4036_01,160
3166,f0486_05,291
3167,f3932_35,150
3168,f1178_03,222
3169,f2205_74,132
3170,f2328_92,150
3171,f3107_16,156
3172,f1830_16,145
3173,f3473_21,164
3174,f3933_30,160
3175,f0326_35,342
3176,f1618_39,148
3177,f3316_22,150
3178,f3533_31,159
3179,f4064_46,96
3180,f1517_35,96
3181,f3481_39,158
3182,f4035_29,155
3183,f1887_23,125
3184,f3387_42,159
3185,f0804_00,367
3186,f0897_19,228
3187,f1301_47,392
3188,f2367_63,136
3189,f2465_75,162
3190,f2553_92,130
3191,f3487_02,151
3192,f1936_06,155
3193,f0106_05,285
3194,f0594_00,298
3195,f0963_21,206
3196,f1085_29,164
3197,f1695_12,150
3198,f4006_12,159
3199,f4092_24,134
3200,f0707_44,307
3201,f0803_40,275
3202,f1845_02,148
3203,f0119_44,393
3204,f0657_41,238
3205,f0717_46,352
3206,f3298_12,159
3207,f3673_48,160
3208,f3696_44,92
3209,f0016_39,281
3210,f0868_03,339
3211,f3663_13,152
3212,f3835_39,158
3213,f0887_39,352
3214,f1783_34,93
3215,f3118_09,167
3216,f0858_32,330
3217,f2089_25,133
3218,f0048_00,118
3219,f0894_09,348
3220,f1337_29,197
3221,f2370_67,159
3222,f3260_09,156
3223,f3689_09,153
3224,f3747_12,97
3225,f0366_08,312
3226,f1466_48,267
3227,f1634_38,142
3228,f1940_28,141
3229,f2394_84,159
3230,f2453_70,155
3231,f1860_06,120
3232,f1893_26,132
3233,f2208_81,147
3234,f2575_67,125
3235,f4097_41,130
3236,f0664_26,222
3237,f1010_11,202
3238,f1248_28,162
3239,f1607_17,95
3240,f1894_39,139
3241,f2299_91,150
3242,f3355_36,163
3243,f3624_44,153
3244,f1450_34,317
3245,f2271_86,139
3246,f3730_33,154
3247,f1480_24,295
3248,f1986_20,148
3249,f2267_78,137
3250,f3539_44,159
3251,f0563_12,162
3252,f1214_39,278
3253,f1394_16,312
3254,f1416_00,168
3255,f1508_14,120
3256,f3477_45,161
3257,f3709_31,159
3258,f0141_43,351
3259,f0526_22,314
3260,f1191_18,310
3261,f0946_31,274
3262,f1043_42,280
3263,f1286_47,187
3264,f3764_37,158
3265,f0593_46,285
3266,f0607_27,310
3267,f0953_15,239
3268,f1503_02,115
3269,f2507_78,152
3270,f2514_50,159
3271,f1212_39,226
3272,f1813_25,135
3273,f2314_53,146
3274,f3310_44,150
3275,f0761_10,330
3276,f0787_21,247
3277,f0950_21,262
3278,f1189_06,186
3279,f1706_39,135
3280,f1957_41,141
3281,f2217_71,162
3282,f3128_15,160
3283,f0723_20,347
3284,f1210_47,225
3285,f1486_35,233
3286,f1864_10,145
3287,f3147_41,162
3288,f3158_03,161
3289,f3236_26,146
3290,f3934_45,145
3291,f0820_47,276
3292,f1522_45,150
3293,f3925_41,157
3294,f0685_40,243
3295,f0970_15,308
3296,f1021_16,249
3297,f1183_38,277
3298,f1643_46,154
3299,f0960_13,215
3300,f1408_02,243
3301,f2003_18,146
3302,f0343_35,329
3303,f0876_43,357
3304,f1082_22,226
3305,f1141_12,254
3306,f1355_03,232
3307,f1773_18,141
3308,f3305_28,164
3309,f0632_45,301
3310,f0923_31,296
3311,f1018_07,130
3312,f1027_05,272
3313,f1424_45,289
3314,f2093_26,153
3315,f3148_21,154
3316,f3221_05,151
3317,f3928_39,152
3318,f1084_48,256
3319,f2525_62,157
3320,f3495_01,168
3321,f0764_08,340
3322,f1365_16,216
3323,f2376_57,161
3324,f3837_30,159
3325,f1180_21,326
3326,f1628_45,139
3327,f3794_17,140
3328,f3874_15,154
3329,f1655_34,102
3330,f0772_14,348
3331,f1294_12,297
3332,f2442_81,153
3333,f2544_53,150
3334,f3414_29,155
3335,f1555_23,150
3336,f2291_65,163
3337,f1102_33,106
3338,f2341_65,161
3339,f3659_25,145
3340,f0929_23,318
3341,f2379_68,147
3342,f1807_08,143
3343,f1905_23,141
3344,f2358_71,155
3345,f2511_52,163
3346,f1700_36,148
3347,f0291_06,303
3348,f0529_06,249
3349,f0579_26,150
3350,f2471_82,156
3351,f0552_46,296
3352,f0873_42,340
3353,f1622_16,150
3354,f1766_41,145
3355,f3705_48,112
3356,f3791_09,146
3357,f3850_20,159
3358,f3865_26,164
3359,f0654_02,270
3360,f0702_46,250
3361,f0719_05,254
3362,f0793_02,321
3363,f0823_19,258
3364,f2384_51,148
3365,f3254_32,103
3366,f3265_08,162
3367,f3916_23,159
3368,f1506_35,137
3369,f1671_40,100
3370,f1987_47,144
3371,f3204_15,148
3372,f3860_20,154
3373,f1300_41,196
3374,f1461_46,206
3375,f1543_08,150
3376,f1588_11,149
3377,f1828_25,106
3378,f1875_21,160
3379,f2130_74,161
3380,f2551_80,158
3381,f0700_20,335
3382,f1574_26,159
3383,f3917_03,157
3384,f0135_03,332
3385,f0478_10,313
3386,f1650_05,140
3387,f2118_60,155
3388,f2284_51,157
3389,f2556_97,147
3390,f3491_31,160
3391,f4047_15,165
3392,f0436_17,332
3393,f3715_44,135
3394,f0282_04,305
3395,f0531_48,257
3396,f1174_47,216
3397,f3808_45,150
3398,f0145_33,300
3399,f1809_16,121
